{"stats":{"minecraft:picked_up":{"minecraft:oak_log":3,"minecraft:oak_sapling":4,"twigs:twig":1,"minecraft:oak_planks":1,"minecraft:cobblestone":19},"minecraft:custom":{"minecraft:time_since_rest":2732,"minecraft:play_time":2732,"minecraft:sprint_one_cm":1284,"minecraft:damage_taken":25,"minecraft:walk_one_cm":6970,"minecraft:jump":18,"minecraft:damage_dealt":40,"minecraft:time_since_death":2732,"minecraft:total_world_time":2732,"minecraft:interact_with_crafting_table":1,"minecraft:fall_one_cm":209,"minecraft:fly_one_cm":1679},"minecraft:used":{"minecraft:crafting_table":1,"minecraft:oak_planks":1,"minecraft:wooden_pickaxe":19},"minecraft:mined":{"minecraft:oak_log":3,"minecraft:stone":19,"minecraft:oak_planks":1,"minecraft:oak_leaves":8},"minecraft:crafted":{"minecraft:oak_planks":12,"minecraft:crafting_table":1,"minecraft:stick":2,"minecraft:wooden_pickaxe":1}},"DataVersion":3465}