{"stats":{"minecraft:picked_up":{"minecraft:crafting_table":7,"minecraft:feather":10,"minecraft:chicken":4,"minecraft:tripwire_hook":1,"minecraft:salmon":1,"minecraft:black_bed":6,"minecraft:leather":14,"minecraft:smoker":1,"minecraft:oak_log":8,"spawnersplus:spawner_fragment":2,"minecraft:brick":4,"biomesoplenty:rainbow_birch_sapling":1,"minecraft:lapis_lazuli":49,"minecraft:string":17,"minecraft:lantern":3,"minecraft:stone_bricks":2,"minecraft:wheat_seeds":1,"minecraft:beef":16,"quark:yellow_blossom_sapling":1,"twigs:twig":1,"delightful:green_tea_leaf":2,"minecraft:chest":3,"minecraft:oak_planks":1,"twilightforest:charm_of_life_1":1,"minecraft:furnace":5,"minecraft:book":24,"minecraft:tipped_arrow":28,"minecraft:raw_iron":13,"quark:blossom_log":30,"minecraft:porkchop":7,"minecraft:spider_eye":2,"minecraft:mossy_cobblestone":1,"minecraft:arrow":1,"minecraft:rotten_flesh":2,"minecraft:stone_axe":1,"farmersdelight:onion":3,"minecraft:hay_block":3,"alexsmobs:maggot":2,"minecraft:oak_sapling":6,"minecraft:mutton":11,"minecraft:coal":37,"minecraft:white_wool":6,"minecraft:cobblestone":36},"minecraft:custom":{"minecraft:interact_with_furnace":29,"minecraft:mob_kills":42,"minecraft:interact_with_crafting_table":10,"minecraft:open_barrel":4,"minecraft:time_since_death":98732,"minecraft:sleep_in_bed":4,"minecraft:climb_one_cm":938,"minecraft:time_since_rest":9989,"minecraft:waystone_activated":2,"minecraft:sprint_one_cm":257011,"minecraft:damage_taken":1445,"minecraft:walk_one_cm":218029,"minecraft:drop":18,"minecraft:damage_dealt":4252,"minecraft:swim_one_cm":56100,"minecraft:talked_to_villager":3,"minecraft:fly_one_cm":432265,"minecraft:open_chest":25,"minecraft:crouch_one_cm":1198,"minecraft:play_time":98732,"minecraft:sneak_time":756,"minecraft:walk_under_water_one_cm":7943,"minecraft:boat_one_cm":158070,"minecraft:jump":2331,"minecraft:walk_on_water_one_cm":7308,"minecraft:total_world_time":98732,"minecraft:inspect_dispenser":3,"minecraft:fall_one_cm":64981},"minecraft:killed":{"minecraft:cave_spider":4,"alexsmobs:lobster":1,"minecraft:pig":4,"minecraft:salmon":1,"alexsmobs:raccoon":2,"minecraft:spider":5,"minecraft:sheep":7,"minecraft:skeleton":1,"minecraft:zombie":2,"minecraft:chicken":4,"alexsmobs:fly":1,"minecraft:drowned":1,"minecraft:cow":9},"minecraft:used":{"minecraft:cooked_mutton":6,"minecraft:stone_sword":87,"minecraft:stone_pickaxe":32,"minecraft:oak_planks":1,"minecraft:chest":3,"minecraft:wooden_pickaxe":19,"minecraft:cooked_salmon":3,"minecraft:cooked_chicken":4,"minecraft:torch":2,"minecraft:crafting_table":7,"minecraft:crossbow":8,"minecraft:black_bed":5,"minecraft:diamond_pickaxe":50,"minecraft:lantern":2,"minecraft:bread":14,"minecraft:stone_axe":81,"minecraft:diamond_sword":10,"minecraft:cobblestone":1,"minecraft:cooked_porkchop":4,"minecraft:furnace":5,"quark:blossom_planks":55,"alexsmobs:animal_dictionary":2},"minecraft:mined":{"minecraft:mossy_cobblestone":1,"minecraft:smoker":1,"minecraft:crafting_table":7,"minecraft:decorated_pot":1,"minecraft:chest":3,"quark:blossom_log":35,"minecraft:cobblestone":8,"biomesoplenty:sprout":4,"minecraft:lapis_ore":8,"minecraft:oak_planks":1,"minecraft:hay_block":3,"minecraft:furnace":5,"minecraft:iron_ore":13,"minecraft:black_bed":6,"minecraft:grass":3,"minecraft:bookshelf":8,"minecraft:coal_ore":26,"minecraft:oak_log":13,"minecraft:vine":1,"amendments:wall_lantern":1,"minecraft:lantern":2,"minecraft:cobweb":18,"minecraft:tripwire_hook":1,"minecraft:dispenser":1,"minecraft:red_mushroom_block":1,"minecraft:stone_bricks":6,"minecraft:stone":29,"minecraft:tripwire":2,"minecraft:oak_leaves":8},"minecraft:crafted":{"minecraft:oak_planks":24,"minecraft:diamond_sword":1,"quark:blossom_planks":120,"minecraft:crafting_table":1,"minecraft:wooden_pickaxe":1,"minecraft:cooked_chicken":4,"minecraft:furnace":1,"minecraft:cooked_salmon":3,"minecraft:stone_axe":1,"minecraft:bread":9,"minecraft:cooked_mutton":6,"minecraft:air":0,"minecraft:oak_boat":1,"minecraft:diamond_pickaxe":1,"minecraft:stick":14,"minecraft:stone_pickaxe":1,"minecraft:stone_sword":1,"minecraft:wheat":27},"minecraft:dropped":{"farmersdelight:tomato_seeds":5,"minecraft:stone_axe":1,"alexsmobs:maggot":2,"minecraft:stone_sword":1,"minecraft:feather":5,"minecraft:cobblestone":3,"minecraft:oak_sapling":1,"minecraft:spider_eye":1,"farmersdelight:onion":3,"minecraft:stone_pickaxe":1,"minecraft:wooden_pickaxe":1,"minecraft:paper":3,"spawnersplus:spawner_fragment":1}},"DataVersion":3465}