{"stats":{"minecraft:picked_up":{"minecraft:charcoal":7,"minecraft:seagrass":2,"minecraft:crafting_table":9,"minecraft:wheat":11,"minecraft:chicken":4,"minecraft:smithing_table":1,"mowziesmobs:glowing_jelly":2,"spawnersplus:spawner_fragment":3,"minecraft:brick":4,"biomesoplenty:rainbow_birch_sapling":1,"minecraft:string":17,"delightful:acorn":1,"minecraft:beef":16,"minecraft:bubble_coral":2,"minecraft:coal_block":4,"quark:yellow_blossom_sapling":1,"minecraft:melon_slice":53,"delightful:green_tea_leaf":2,"minecraft:chest":3,"minecraft:furnace":7,"minecraft:tipped_arrow":28,"minecraft:raw_iron":15,"minecraft:torch":2,"quark:blossom_log":30,"minecraft:porkchop":7,"minecraft:redstone":5,"minecraft:arrow":1,"minecraft:rotten_flesh":4,"biomesoplenty:mahogany_sapling":1,"farmersdelight:onion":3,"minecraft:hay_block":12,"minecraft:mutton":11,"minecraft:white_wool":6,"minecraft:cobblestone":45,"minecraft:feather":10,"minecraft:tripwire_hook":1,"minecraft:salmon":1,"minecraft:black_bed":10,"minecraft:leather":14,"minecraft:red_mushroom":9,"minecraft:smoker":1,"minecraft:oak_log":18,"minecraft:lapis_lazuli":49,"minecraft:dirt":1,"minecraft:lantern":3,"minecraft:stone_bricks":2,"minecraft:kelp":2,"minecraft:wheat_seeds":7,"minecraft:iron_ore":9,"twigs:twig":4,"biomesoplenty:mahogany_planks":6,"minecraft:oak_planks":2,"minecraft:brain_coral":2,"twilightforest:charm_of_life_1":1,"minecraft:book":48,"minecraft:axolotl_bucket":2,"minecraft:spider_eye":3,"villagersplus:oceanographer_table":2,"minecraft:mossy_cobblestone":1,"biomesoplenty:mahogany_log":43,"minecraft:diamond":1,"minecraft:stone_axe":1,"minecraft:emerald":2,"alexsmobs:maggot":2,"minecraft:oak_sapling":10,"minecraft:coal":38},"minecraft:custom":{"minecraft:mob_kills":48,"minecraft:interact_with_crafting_table":33,"minecraft:open_barrel":30,"minecraft:leave_game":1,"minecraft:time_since_death":162146,"minecraft:climb_one_cm":7468,"minecraft:sprint_one_cm":404734,"minecraft:walk_one_cm":355382,"minecraft:drop":35,"minecraft:talked_to_villager":5,"minecraft:play_time":162146,"minecraft:sneak_time":1850,"minecraft:walk_under_water_one_cm":13638,"minecraft:boat_one_cm":328837,"minecraft:jump":3596,"minecraft:walk_on_water_one_cm":16046,"minecraft:total_world_time":162146,"minecraft:interact_with_furnace":66,"minecraft:sleep_in_bed":9,"minecraft:time_since_rest":2684,"minecraft:waystone_activated":3,"minecraft:damage_taken":1998,"minecraft:damage_dealt":4713,"minecraft:swim_one_cm":85843,"minecraft:fly_one_cm":671310,"minecraft:open_chest":44,"minecraft:crouch_one_cm":4274,"minecraft:fall_one_cm":89146,"minecraft:inspect_dispenser":3},"minecraft:killed":{"minecraft:cave_spider":4,"alexsmobs:lobster":1,"alexsmobs:raccoon":2,"minecraft:vindicator":1,"minecraft:spider":6,"minecraft:skeleton":1,"minecraft:chicken":4,"minecraft:drowned":1,"minecraft:pig":4,"minecraft:salmon":1,"mowziesmobs:lantern":1,"minecraft:sheep":7,"minecraft:zombie":4,"illagerinvasion:sorcerer":1,"alexsmobs:fly":1,"minecraft:cow":9},"minecraft:used":{"biomesoplenty:mahogany_planks":141,"minecraft:stone_sword":87,"minecraft:chest":3,"minecraft:cooked_salmon":3,"minecraft:cooked_chicken":4,"minecraft:torch":2,"minecraft:spyglass":4,"villagersplus:oceanographer_table":1,"minecraft:lantern":2,"minecraft:iron_axe":87,"minecraft:iron_helmet":1,"minecraft:iron_boots":1,"minecraft:bow":7,"minecraft:furnace":7,"quark:blossom_planks":55,"minecraft:cooked_mutton":6,"minecraft:stone_pickaxe":32,"minecraft:oak_planks":2,"minecraft:wooden_pickaxe":19,"minecraft:crafting_table":10,"minecraft:crossbow":8,"minecraft:black_bed":10,"minecraft:diamond_pickaxe":74,"minecraft:melon_slice":5,"minecraft:bread":28,"biomesoplenty:mahogany_boat":1,"minecraft:stone_axe":91,"minecraft:diamond_sword":23,"minecraft:cobblestone":8,"minecraft:cooked_porkchop":5,"alexsmobs:animal_dictionary":2,"minecraft:experience_bottle":2},"minecraft:mined":{"minecraft:diamond_ore":1,"minecraft:mossy_cobblestone":1,"minecraft:grass_block":1,"minecraft:decorated_pot":2,"twigs:twig":1,"minecraft:coal_block":4,"minecraft:hay_block":12,"minecraft:redstone_ore":1,"minecraft:furnace":7,"minecraft:iron_ore":15,"minecraft:moss_carpet":1,"minecraft:bookshelf":16,"minecraft:vine":1,"amendments:wall_lantern":1,"minecraft:lantern":2,"minecraft:stone":39,"minecraft:tripwire":2,"minecraft:smithing_table":1,"minecraft:smoker":1,"minecraft:crafting_table":9,"minecraft:emerald_ore":2,"minecraft:melon":7,"biomesoplenty:mahogany_planks":6,"minecraft:chest":3,"quark:blossom_log":35,"minecraft:cobblestone":8,"biomesoplenty:sprout":4,"minecraft:lapis_ore":8,"minecraft:oak_planks":2,"minecraft:seagrass":1,"biomesoplenty:mahogany_log":53,"minecraft:black_bed":10,"minecraft:grass":7,"minecraft:coal_ore":27,"minecraft:oak_log":23,"minecraft:cobweb":18,"minecraft:tripwire_hook":1,"minecraft:red_mushroom_block":1,"minecraft:dispenser":1,"minecraft:stone_bricks":6,"minecraft:gold_ore":1,"minecraft:oak_leaves":8,"minecraft:fern":3,"villagersplus:oceanographer_table":2},"minecraft:crafted":{"minecraft:oak_planks":84,"biomesoplenty:mahogany_planks":172,"minecraft:cooked_chicken":4,"minecraft:furnace":1,"minecraft:cooked_mutton":6,"minecraft:iron_boots":1,"minecraft:iron_axe":1,"minecraft:stone_pickaxe":1,"aether:diamond_gloves":1,"backpacked:backpack":2,"minecraft:wheat":100,"minecraft:cooked_cod":8,"minecraft:diamond_sword":1,"quark:blossom_planks":120,"minecraft:crafting_table":1,"minecraft:wooden_pickaxe":1,"minecraft:iron_helmet":1,"minecraft:cooked_salmon":3,"minecraft:stone_axe":1,"minecraft:bread":36,"minecraft:air":0,"minecraft:oak_boat":1,"minecraft:iron_chestplate":1,"minecraft:diamond_pickaxe":1,"minecraft:shield":1,"minecraft:stick":18,"minecraft:iron_ingot":24,"minecraft:stone_sword":1,"biomesoplenty:mahogany_boat":1,"minecraft:iron_leggings":1},"minecraft:dropped":{"farmersdelight:tomato_seeds":5,"minecraft:wheat_seeds":6,"minecraft:feather":5,"minecraft:cobblestone":3,"minecraft:stick":1,"minecraft:torch":2,"backpacked:backpack":1,"minecraft:melon_slice":24,"delightful:acorn":1,"farmersdelight:onion":3,"minecraft:paper":3,"twigs:twig":1,"spawnersplus:spawner_fragment":2,"minecraft:stone_axe":2,"alexsmobs:maggot":2,"minecraft:stone_sword":1,"minecraft:wheat":1,"minecraft:oak_sapling":1,"minecraft:spider_eye":1,"biomesoplenty:mahogany_sapling":1,"minecraft:stone_pickaxe":1,"minecraft:wooden_pickaxe":1}},"DataVersion":3465}