{"stats":{"minecraft:picked_up":{"minecraft:crafting_table":5,"minecraft:feather":5,"minecraft:chicken":4,"minecraft:salmon":1,"minecraft:black_bed":3,"minecraft:leather":10,"minecraft:smoker":1,"minecraft:oak_log":3,"minecraft:brick":4,"biomesoplenty:rainbow_birch_sapling":1,"minecraft:lantern":1,"minecraft:wheat_seeds":1,"minecraft:beef":13,"quark:yellow_blossom_sapling":1,"twigs:twig":1,"delightful:green_tea_leaf":2,"minecraft:chest":3,"minecraft:oak_planks":1,"twilightforest:charm_of_life_1":1,"minecraft:furnace":5,"minecraft:book":24,"quark:blossom_log":30,"minecraft:porkchop":7,"minecraft:rotten_flesh":1,"minecraft:stone_axe":1,"minecraft:hay_block":3,"alexsmobs:maggot":1,"minecraft:oak_sapling":5,"minecraft:mutton":11,"minecraft:coal":23,"minecraft:white_wool":6,"minecraft:cobblestone":20},"minecraft:custom":{"minecraft:interact_with_furnace":29,"minecraft:mob_kills":31,"minecraft:interact_with_crafting_table":8,"minecraft:open_barrel":4,"minecraft:time_since_death":62732,"minecraft:sleep_in_bed":2,"minecraft:climb_one_cm":254,"minecraft:time_since_rest":1074,"minecraft:waystone_activated":1,"minecraft:sprint_one_cm":169408,"minecraft:damage_taken":875,"minecraft:walk_one_cm":119908,"minecraft:drop":7,"minecraft:damage_dealt":3231,"minecraft:swim_one_cm":49792,"minecraft:talked_to_villager":3,"minecraft:fly_one_cm":283278,"minecraft:open_chest":13,"minecraft:crouch_one_cm":116,"minecraft:play_time":62732,"minecraft:sneak_time":259,"minecraft:walk_under_water_one_cm":7465,"minecraft:boat_one_cm":66260,"minecraft:jump":1592,"minecraft:walk_on_water_one_cm":6988,"minecraft:total_world_time":62732,"minecraft:fall_one_cm":44805},"minecraft:killed":{"alexsmobs:lobster":1,"minecraft:pig":4,"minecraft:salmon":1,"alexsmobs:raccoon":2,"minecraft:sheep":7,"minecraft:skeleton":1,"minecraft:zombie":2,"minecraft:chicken":4,"alexsmobs:fly":1,"minecraft:drowned":1,"minecraft:cow":7},"minecraft:used":{"minecraft:cooked_mutton":6,"minecraft:stone_sword":56,"minecraft:stone_pickaxe":20,"minecraft:oak_planks":1,"minecraft:chest":1,"minecraft:wooden_pickaxe":19,"minecraft:cooked_salmon":3,"minecraft:cooked_chicken":4,"minecraft:crafting_table":5,"minecraft:black_bed":2,"minecraft:bread":6,"minecraft:stone_axe":63,"minecraft:furnace":5,"quark:blossom_planks":40,"alexsmobs:animal_dictionary":2},"minecraft:mined":{"minecraft:smoker":1,"minecraft:crafting_table":5,"minecraft:decorated_pot":1,"minecraft:chest":3,"quark:blossom_log":35,"biomesoplenty:sprout":1,"minecraft:oak_planks":1,"minecraft:hay_block":3,"minecraft:furnace":5,"minecraft:black_bed":3,"minecraft:grass":3,"minecraft:bookshelf":8,"minecraft:coal_ore":12,"minecraft:oak_log":3,"minecraft:lantern":1,"minecraft:red_mushroom_block":1,"minecraft:stone":20,"minecraft:oak_leaves":8},"minecraft:crafted":{"minecraft:oak_planks":24,"quark:blossom_planks":120,"minecraft:crafting_table":1,"minecraft:wooden_pickaxe":1,"minecraft:cooked_chicken":4,"minecraft:furnace":1,"minecraft:cooked_salmon":3,"minecraft:stone_axe":1,"minecraft:bread":9,"minecraft:cooked_mutton":6,"minecraft:air":0,"minecraft:oak_boat":1,"minecraft:stick":10,"minecraft:stone_pickaxe":1,"minecraft:stone_sword":1,"minecraft:wheat":27},"minecraft:dropped":{"farmersdelight:tomato_seeds":5,"minecraft:stone_axe":1,"minecraft:wooden_pickaxe":1}},"DataVersion":3465}