{"stats":{"minecraft:picked_up":{"minecraft:crafting_table":3,"minecraft:feather":5,"minecraft:chicken":4,"quark:blossom_log":30,"minecraft:oak_log":3,"minecraft:rotten_flesh":1,"minecraft:stone_axe":1,"minecraft:oak_sapling":5,"quark:yellow_blossom_sapling":1,"twigs:twig":1,"delightful:green_tea_leaf":2,"minecraft:oak_planks":1,"minecraft:coal":14,"minecraft:cobblestone":19,"minecraft:furnace":2},"minecraft:custom":{"minecraft:time_since_rest":14732,"minecraft:interact_with_furnace":7,"minecraft:sprint_one_cm":25246,"minecraft:walk_one_cm":46297,"minecraft:damage_taken":315,"minecraft:mob_kills":7,"minecraft:drop":2,"minecraft:damage_dealt":868,"minecraft:swim_one_cm":9481,"minecraft:interact_with_crafting_table":6,"minecraft:fly_one_cm":43031,"minecraft:crouch_one_cm":86,"minecraft:play_time":14732,"minecraft:sneak_time":164,"minecraft:walk_under_water_one_cm":1125,"minecraft:jump":306,"minecraft:time_since_death":14732,"minecraft:walk_on_water_one_cm":1362,"minecraft:total_world_time":14732,"minecraft:fall_one_cm":8601},"minecraft:killed":{"minecraft:zombie":2,"minecraft:chicken":4,"alexsmobs:raccoon":1},"minecraft:used":{"minecraft:stone_sword":12,"minecraft:stone_pickaxe":9,"minecraft:oak_planks":1,"minecraft:wooden_pickaxe":19,"minecraft:cooked_chicken":4,"minecraft:stone_axe":43,"minecraft:crafting_table":3,"minecraft:furnace":2},"minecraft:mined":{"minecraft:furnace":2,"minecraft:crafting_table":3,"minecraft:oak_log":3,"minecraft:coal_ore":7,"quark:blossom_log":35,"minecraft:stone":19,"minecraft:oak_planks":1,"minecraft:oak_leaves":8},"minecraft:crafted":{"minecraft:oak_planks":12,"quark:blossom_planks":120,"minecraft:crafting_table":1,"minecraft:stick":10,"minecraft:wooden_pickaxe":1,"minecraft:cooked_chicken":4,"minecraft:stone_pickaxe":1,"minecraft:stone_sword":1,"minecraft:furnace":1,"minecraft:stone_axe":1,"minecraft:air":0},"minecraft:dropped":{"minecraft:stone_axe":1,"minecraft:wooden_pickaxe":1}},"DataVersion":3465}