{"stats":{"minecraft:picked_up":{"minecraft:crafting_table":6,"minecraft:feather":10,"minecraft:chicken":4,"minecraft:tripwire_hook":1,"minecraft:salmon":1,"minecraft:black_bed":5,"minecraft:leather":14,"minecraft:smoker":1,"minecraft:oak_log":3,"spawnersplus:spawner_fragment":1,"minecraft:brick":4,"biomesoplenty:rainbow_birch_sapling":1,"minecraft:string":16,"minecraft:lantern":2,"minecraft:stone_bricks":2,"minecraft:wheat_seeds":1,"minecraft:beef":16,"quark:yellow_blossom_sapling":1,"twigs:twig":1,"delightful:green_tea_leaf":2,"minecraft:chest":3,"minecraft:oak_planks":1,"twilightforest:charm_of_life_1":1,"minecraft:furnace":5,"minecraft:book":24,"minecraft:tipped_arrow":28,"quark:blossom_log":30,"minecraft:porkchop":7,"minecraft:spider_eye":2,"minecraft:mossy_cobblestone":1,"minecraft:rotten_flesh":2,"minecraft:stone_axe":1,"farmersdelight:onion":3,"minecraft:hay_block":3,"alexsmobs:maggot":2,"minecraft:oak_sapling":5,"minecraft:mutton":11,"minecraft:coal":23,"minecraft:white_wool":6,"minecraft:cobblestone":27},"minecraft:custom":{"minecraft:interact_with_furnace":29,"minecraft:mob_kills":40,"minecraft:interact_with_crafting_table":10,"minecraft:open_barrel":4,"minecraft:time_since_death":86732,"minecraft:sleep_in_bed":3,"minecraft:climb_one_cm":758,"minecraft:time_since_rest":11807,"minecraft:waystone_activated":1,"minecraft:sprint_one_cm":230510,"minecraft:damage_taken":1295,"minecraft:walk_one_cm":182551,"minecraft:drop":14,"minecraft:damage_dealt":4012,"minecraft:swim_one_cm":49792,"minecraft:talked_to_villager":3,"minecraft:fly_one_cm":389098,"minecraft:open_chest":23,"minecraft:crouch_one_cm":1191,"minecraft:play_time":86732,"minecraft:sneak_time":753,"minecraft:walk_under_water_one_cm":7465,"minecraft:boat_one_cm":66260,"minecraft:jump":2041,"minecraft:walk_on_water_one_cm":6988,"minecraft:total_world_time":86732,"minecraft:inspect_dispenser":3,"minecraft:fall_one_cm":59197},"minecraft:killed":{"minecraft:cave_spider":3,"alexsmobs:lobster":1,"minecraft:pig":4,"minecraft:salmon":1,"alexsmobs:raccoon":2,"minecraft:spider":4,"minecraft:sheep":7,"minecraft:skeleton":1,"minecraft:zombie":2,"minecraft:chicken":4,"alexsmobs:fly":1,"minecraft:drowned":1,"minecraft:cow":9},"minecraft:used":{"minecraft:cooked_mutton":6,"minecraft:stone_sword":87,"minecraft:stone_pickaxe":32,"minecraft:oak_planks":1,"minecraft:chest":3,"minecraft:wooden_pickaxe":19,"minecraft:cooked_salmon":3,"minecraft:cooked_chicken":4,"minecraft:torch":2,"minecraft:crafting_table":6,"minecraft:crossbow":6,"minecraft:black_bed":5,"minecraft:diamond_pickaxe":5,"minecraft:lantern":1,"minecraft:bread":14,"minecraft:stone_axe":68,"minecraft:diamond_sword":5,"minecraft:cobblestone":1,"minecraft:cooked_porkchop":2,"minecraft:furnace":5,"quark:blossom_planks":46,"alexsmobs:animal_dictionary":2},"minecraft:mined":{"minecraft:mossy_cobblestone":1,"minecraft:smoker":1,"minecraft:crafting_table":6,"minecraft:decorated_pot":1,"minecraft:chest":3,"quark:blossom_log":35,"minecraft:cobblestone":8,"biomesoplenty:sprout":4,"minecraft:oak_planks":1,"minecraft:hay_block":3,"minecraft:furnace":5,"minecraft:black_bed":5,"minecraft:grass":3,"minecraft:bookshelf":8,"minecraft:coal_ore":12,"minecraft:oak_log":3,"minecraft:vine":1,"minecraft:lantern":2,"minecraft:cobweb":18,"minecraft:tripwire_hook":1,"minecraft:dispenser":1,"minecraft:red_mushroom_block":1,"minecraft:stone_bricks":6,"minecraft:stone":20,"minecraft:tripwire":1,"minecraft:oak_leaves":8},"minecraft:crafted":{"minecraft:oak_planks":24,"minecraft:diamond_sword":1,"quark:blossom_planks":120,"minecraft:crafting_table":1,"minecraft:wooden_pickaxe":1,"minecraft:cooked_chicken":4,"minecraft:furnace":1,"minecraft:cooked_salmon":3,"minecraft:stone_axe":1,"minecraft:bread":9,"minecraft:cooked_mutton":6,"minecraft:air":0,"minecraft:oak_boat":1,"minecraft:diamond_pickaxe":1,"minecraft:stick":14,"minecraft:stone_pickaxe":1,"minecraft:stone_sword":1,"minecraft:wheat":27},"minecraft:dropped":{"farmersdelight:tomato_seeds":5,"minecraft:stone_axe":1,"alexsmobs:maggot":1,"minecraft:stone_sword":1,"minecraft:feather":5,"minecraft:cobblestone":3,"minecraft:spider_eye":1,"farmersdelight:onion":3,"minecraft:stone_pickaxe":1,"minecraft:wooden_pickaxe":1}},"DataVersion":3465}