{"stats":{"minecraft:picked_up":{"minecraft:seagrass":2,"minecraft:crafting_table":8,"minecraft:wheat":9,"minecraft:chicken":4,"spawnersplus:spawner_fragment":3,"minecraft:brick":4,"biomesoplenty:rainbow_birch_sapling":1,"minecraft:string":17,"delightful:acorn":1,"minecraft:beef":16,"minecraft:bubble_coral":2,"quark:yellow_blossom_sapling":1,"minecraft:melon_slice":53,"delightful:green_tea_leaf":2,"minecraft:chest":3,"minecraft:furnace":5,"minecraft:tipped_arrow":28,"minecraft:raw_iron":13,"minecraft:torch":2,"quark:blossom_log":30,"minecraft:porkchop":7,"minecraft:arrow":1,"minecraft:rotten_flesh":2,"biomesoplenty:mahogany_sapling":1,"farmersdelight:onion":3,"minecraft:hay_block":12,"minecraft:mutton":11,"minecraft:white_wool":6,"minecraft:cobblestone":36,"minecraft:feather":10,"minecraft:tripwire_hook":1,"minecraft:salmon":1,"minecraft:black_bed":8,"minecraft:leather":14,"minecraft:smoker":1,"minecraft:oak_log":8,"minecraft:lapis_lazuli":49,"minecraft:lantern":3,"minecraft:stone_bricks":2,"minecraft:kelp":2,"minecraft:wheat_seeds":1,"twigs:twig":1,"minecraft:oak_planks":1,"minecraft:brain_coral":2,"twilightforest:charm_of_life_1":1,"minecraft:book":39,"minecraft:axolotl_bucket":2,"minecraft:spider_eye":2,"villagersplus:oceanographer_table":2,"minecraft:mossy_cobblestone":1,"biomesoplenty:mahogany_log":43,"minecraft:stone_axe":1,"alexsmobs:maggot":2,"minecraft:oak_sapling":6,"minecraft:coal":37},"minecraft:custom":{"minecraft:mob_kills":42,"minecraft:interact_with_crafting_table":22,"minecraft:open_barrel":9,"minecraft:leave_game":1,"minecraft:time_since_death":126146,"minecraft:climb_one_cm":1421,"minecraft:sprint_one_cm":350990,"minecraft:walk_one_cm":265850,"minecraft:drop":28,"minecraft:talked_to_villager":5,"minecraft:play_time":126146,"minecraft:sneak_time":783,"minecraft:walk_under_water_one_cm":8659,"minecraft:boat_one_cm":299807,"minecraft:jump":2991,"minecraft:walk_on_water_one_cm":10058,"minecraft:total_world_time":126146,"minecraft:interact_with_furnace":38,"minecraft:sleep_in_bed":6,"minecraft:time_since_rest":3609,"minecraft:waystone_activated":3,"minecraft:damage_taken":1606,"minecraft:damage_dealt":4252,"minecraft:swim_one_cm":64551,"minecraft:fly_one_cm":596997,"minecraft:open_chest":34,"minecraft:crouch_one_cm":1248,"minecraft:fall_one_cm":80443,"minecraft:inspect_dispenser":3},"minecraft:killed":{"minecraft:cave_spider":4,"alexsmobs:lobster":1,"alexsmobs:raccoon":2,"minecraft:spider":5,"minecraft:skeleton":1,"minecraft:chicken":4,"minecraft:drowned":1,"minecraft:pig":4,"minecraft:salmon":1,"minecraft:sheep":7,"minecraft:zombie":2,"alexsmobs:fly":1,"minecraft:cow":9},"minecraft:used":{"minecraft:stone_sword":87,"minecraft:chest":3,"minecraft:cooked_salmon":3,"minecraft:cooked_chicken":4,"minecraft:torch":2,"villagersplus:oceanographer_table":1,"minecraft:lantern":2,"minecraft:iron_axe":60,"minecraft:furnace":5,"quark:blossom_planks":55,"minecraft:cooked_mutton":6,"minecraft:stone_pickaxe":32,"minecraft:oak_planks":1,"minecraft:wooden_pickaxe":19,"minecraft:crafting_table":8,"minecraft:crossbow":8,"minecraft:black_bed":7,"minecraft:diamond_pickaxe":50,"minecraft:melon_slice":5,"minecraft:bread":18,"minecraft:stone_axe":91,"minecraft:diamond_sword":11,"minecraft:cobblestone":8,"minecraft:cooked_porkchop":5,"alexsmobs:animal_dictionary":2},"minecraft:mined":{"minecraft:mossy_cobblestone":1,"minecraft:decorated_pot":2,"minecraft:hay_block":12,"minecraft:furnace":5,"minecraft:iron_ore":13,"minecraft:bookshelf":13,"minecraft:vine":1,"amendments:wall_lantern":1,"minecraft:lantern":2,"minecraft:stone":29,"minecraft:tripwire":2,"minecraft:smoker":1,"minecraft:crafting_table":8,"minecraft:melon":7,"minecraft:chest":3,"quark:blossom_log":35,"minecraft:cobblestone":8,"biomesoplenty:sprout":4,"minecraft:lapis_ore":8,"minecraft:oak_planks":1,"biomesoplenty:mahogany_log":53,"minecraft:black_bed":8,"minecraft:grass":4,"minecraft:coal_ore":26,"minecraft:oak_log":13,"minecraft:cobweb":18,"minecraft:tripwire_hook":1,"minecraft:red_mushroom_block":1,"minecraft:dispenser":1,"minecraft:stone_bricks":6,"minecraft:oak_leaves":8,"minecraft:fern":2,"villagersplus:oceanographer_table":2},"minecraft:crafted":{"minecraft:oak_planks":44,"biomesoplenty:mahogany_planks":172,"minecraft:cooked_chicken":4,"minecraft:furnace":1,"minecraft:cooked_mutton":6,"minecraft:iron_axe":1,"minecraft:stone_pickaxe":1,"backpacked:backpack":2,"minecraft:wheat":100,"minecraft:diamond_sword":1,"quark:blossom_planks":120,"minecraft:crafting_table":1,"minecraft:wooden_pickaxe":1,"minecraft:cooked_salmon":3,"minecraft:stone_axe":1,"minecraft:bread":36,"minecraft:air":0,"minecraft:oak_boat":1,"minecraft:iron_chestplate":1,"minecraft:diamond_pickaxe":1,"minecraft:stick":18,"minecraft:iron_ingot":13,"minecraft:stone_sword":1},"minecraft:dropped":{"farmersdelight:tomato_seeds":5,"minecraft:feather":5,"minecraft:cobblestone":3,"minecraft:stick":1,"minecraft:torch":2,"backpacked:backpack":1,"minecraft:melon_slice":24,"delightful:acorn":1,"farmersdelight:onion":3,"minecraft:paper":3,"spawnersplus:spawner_fragment":2,"minecraft:stone_axe":2,"alexsmobs:maggot":2,"minecraft:stone_sword":1,"minecraft:wheat":1,"minecraft:oak_sapling":1,"minecraft:spider_eye":1,"biomesoplenty:mahogany_sapling":1,"minecraft:stone_pickaxe":1,"minecraft:wooden_pickaxe":1}},"DataVersion":3465}