{"stats":{"minecraft:picked_up":{"minecraft:crafting_table":3,"minecraft:feather":5,"minecraft:chicken":4,"minecraft:salmon":1,"minecraft:leather":2,"minecraft:porkchop":3,"quark:blossom_log":30,"minecraft:oak_log":3,"minecraft:rotten_flesh":1,"minecraft:stone_axe":1,"minecraft:beef":4,"minecraft:mutton":6,"minecraft:oak_sapling":5,"quark:yellow_blossom_sapling":1,"twigs:twig":1,"delightful:green_tea_leaf":2,"minecraft:oak_planks":1,"minecraft:coal":23,"minecraft:white_wool":4,"minecraft:cobblestone":20,"minecraft:furnace":4},"minecraft:custom":{"minecraft:time_since_rest":26732,"minecraft:waystone_activated":1,"minecraft:interact_with_furnace":28,"minecraft:sprint_one_cm":56003,"minecraft:walk_one_cm":73048,"minecraft:damage_taken":605,"minecraft:mob_kills":19,"minecraft:drop":2,"minecraft:damage_dealt":2151,"minecraft:swim_one_cm":30670,"minecraft:interact_with_crafting_table":6,"minecraft:fly_one_cm":102452,"minecraft:crouch_one_cm":86,"minecraft:play_time":26732,"minecraft:sneak_time":229,"minecraft:walk_under_water_one_cm":3510,"minecraft:jump":732,"minecraft:time_since_death":26732,"minecraft:walk_on_water_one_cm":3403,"minecraft:total_world_time":26732,"minecraft:fall_one_cm":19068},"minecraft:killed":{"minecraft:sheep":4,"minecraft:skeleton":1,"minecraft:zombie":2,"minecraft:pig":2,"minecraft:chicken":4,"minecraft:salmon":1,"alexsmobs:raccoon":2,"minecraft:drowned":1,"minecraft:cow":2},"minecraft:used":{"minecraft:cooked_mutton":2,"minecraft:stone_sword":41,"minecraft:stone_pickaxe":17,"minecraft:oak_planks":1,"minecraft:wooden_pickaxe":19,"minecraft:cooked_salmon":3,"minecraft:cooked_chicken":4,"minecraft:stone_axe":44,"minecraft:crafting_table":3,"minecraft:furnace":4,"quark:blossom_planks":7},"minecraft:mined":{"minecraft:furnace":4,"minecraft:crafting_table":3,"minecraft:grass":3,"minecraft:oak_log":3,"minecraft:coal_ore":12,"quark:blossom_log":35,"minecraft:stone":20,"minecraft:oak_planks":1,"minecraft:oak_leaves":8},"minecraft:crafted":{"minecraft:oak_planks":12,"quark:blossom_planks":120,"minecraft:crafting_table":1,"minecraft:stick":10,"minecraft:wooden_pickaxe":1,"minecraft:cooked_chicken":4,"minecraft:stone_pickaxe":1,"minecraft:stone_sword":1,"minecraft:furnace":1,"minecraft:cooked_salmon":3,"minecraft:stone_axe":1,"minecraft:cooked_mutton":6,"minecraft:air":0},"minecraft:dropped":{"minecraft:stone_axe":1,"minecraft:wooden_pickaxe":1}},"DataVersion":3465}