{"stats":{"minecraft:picked_up":{"minecraft:crafting_table":3,"minecraft:feather":5,"minecraft:chicken":4,"minecraft:salmon":1,"minecraft:black_bed":2,"minecraft:leather":4,"minecraft:oak_log":3,"minecraft:brick":4,"biomesoplenty:rainbow_birch_sapling":1,"minecraft:lantern":1,"minecraft:wheat_seeds":1,"minecraft:beef":6,"quark:yellow_blossom_sapling":1,"twigs:twig":1,"delightful:green_tea_leaf":2,"minecraft:chest":3,"minecraft:oak_planks":1,"twilightforest:charm_of_life_1":1,"minecraft:furnace":5,"minecraft:book":12,"quark:blossom_log":30,"minecraft:porkchop":7,"minecraft:rotten_flesh":1,"minecraft:stone_axe":1,"alexsmobs:maggot":1,"minecraft:oak_sapling":5,"minecraft:mutton":8,"minecraft:coal":23,"minecraft:white_wool":5,"minecraft:cobblestone":20},"minecraft:custom":{"minecraft:interact_with_furnace":29,"minecraft:mob_kills":25,"minecraft:interact_with_crafting_table":7,"minecraft:open_barrel":4,"minecraft:time_since_death":50732,"minecraft:sleep_in_bed":1,"minecraft:time_since_rest":2349,"minecraft:waystone_activated":1,"minecraft:sprint_one_cm":117958,"minecraft:damage_taken":805,"minecraft:walk_one_cm":100728,"minecraft:drop":7,"minecraft:damage_dealt":2671,"minecraft:swim_one_cm":45723,"minecraft:talked_to_villager":3,"minecraft:fly_one_cm":198382,"minecraft:open_chest":6,"minecraft:crouch_one_cm":90,"minecraft:play_time":50732,"minecraft:sneak_time":235,"minecraft:walk_under_water_one_cm":6185,"minecraft:boat_one_cm":23498,"minecraft:jump":1172,"minecraft:walk_on_water_one_cm":6363,"minecraft:total_world_time":50732,"minecraft:fall_one_cm":32219},"minecraft:killed":{"alexsmobs:lobster":1,"minecraft:pig":4,"minecraft:salmon":1,"alexsmobs:raccoon":2,"minecraft:sheep":5,"minecraft:skeleton":1,"minecraft:zombie":2,"minecraft:chicken":4,"alexsmobs:fly":1,"minecraft:drowned":1,"minecraft:cow":3},"minecraft:used":{"minecraft:cooked_mutton":6,"minecraft:stone_sword":56,"minecraft:stone_pickaxe":19,"minecraft:oak_planks":1,"minecraft:chest":1,"minecraft:wooden_pickaxe":19,"minecraft:cooked_salmon":3,"minecraft:cooked_chicken":4,"minecraft:crafting_table":3,"minecraft:black_bed":1,"minecraft:bread":1,"minecraft:stone_axe":51,"minecraft:furnace":5,"quark:blossom_planks":8,"alexsmobs:animal_dictionary":2},"minecraft:mined":{"minecraft:crafting_table":3,"minecraft:decorated_pot":1,"minecraft:chest":3,"quark:blossom_log":35,"biomesoplenty:sprout":1,"minecraft:oak_planks":1,"minecraft:furnace":5,"minecraft:black_bed":2,"minecraft:grass":3,"minecraft:bookshelf":4,"minecraft:coal_ore":12,"minecraft:oak_log":3,"minecraft:lantern":1,"minecraft:red_mushroom_block":1,"minecraft:stone":20,"minecraft:oak_leaves":8},"minecraft:crafted":{"minecraft:oak_planks":24,"quark:blossom_planks":120,"minecraft:crafting_table":1,"minecraft:wooden_pickaxe":1,"minecraft:cooked_chicken":4,"minecraft:furnace":1,"minecraft:cooked_salmon":3,"minecraft:stone_axe":1,"minecraft:cooked_mutton":6,"minecraft:air":0,"minecraft:oak_boat":1,"minecraft:stick":10,"minecraft:stone_pickaxe":1,"minecraft:stone_sword":1},"minecraft:dropped":{"farmersdelight:tomato_seeds":5,"minecraft:stone_axe":1,"minecraft:wooden_pickaxe":1}},"DataVersion":3465}