{"stats":{"minecraft:picked_up":{"minecraft:seagrass":1,"minecraft:crafting_table":2,"minecraft:chicken":1,"backpacked:backpack":1,"minecraft:lead":1,"minecraft:wooden_pickaxe":1,"biomesoplenty:jacaranda_sapling":1,"minecraft:stone_brick_stairs":1,"minecraft:brewing_stand":1,"spawnersplus:spawner_fragment":2,"minecraft:string":59,"minecraft:cooked_salmon":1,"minecraft:cracked_stone_bricks":5,"minecraft:smooth_stone":1,"delightful:acorn":3,"minecraft:beef":8,"minecraft:bubble_coral":1,"delightful:green_tea_leaf":3,"minecraft:furnace":8,"minecraft:tipped_arrow":3,"minecraft:raw_iron":10,"minecraft:torch":6,"minecraft:porkchop":19,"quark:blossom_log":3,"farmersdelight:tomato_seeds":5,"minecraft:orange_bed":2,"minecraft:rotten_flesh":3,"minecraft:hay_block":5,"minecraft:mutton":13,"minecraft:cobblestone":54,"minecraft:white_wool":13,"minecraft:feather":6,"minecraft:tripwire_hook":3,"minecraft:salmon":8,"delightful:animal_fat":8,"minecraft:leather":10,"minecraft:red_mushroom":3,"minecraft:oak_log":3,"minecraft:cobblestone_stairs":3,"minecraft:dirt":54,"minecraft:lantern":2,"minecraft:apple":1,"minecraft:stone_bricks":21,"minecraft:kelp":1,"minecraft:wheat_seeds":6,"minecraft:raw_gold":2,"minecraft:grindstone":1,"twigs:twig":4,"minecraft:brain_coral":2,"minecraft:cooked_porkchop":10,"minecraft:axolotl_bucket":1,"minecraft:white_bed":5,"farmersdelight:ham":1,"minecraft:spider_eye":8,"villagersplus:oceanographer_table":1,"minecraft:mossy_cobblestone":1,"minecraft:polished_andesite":4,"minecraft:dispenser":1,"minecraft:stone_axe":1,"minecraft:emerald":2,"minecraft:mossy_cobblestone_stairs":1,"minecraft:oak_sapling":4,"quark:blossom_boat":1,"minecraft:coal":111},"minecraft:custom":{"minecraft:mob_kills":59,"minecraft:interact_with_crafting_table":16,"minecraft:open_barrel":6,"minecraft:bell_ring":4,"minecraft:time_since_death":121759,"minecraft:climb_one_cm":1627,"minecraft:sprint_one_cm":374399,"minecraft:walk_one_cm":300486,"minecraft:drop":29,"minecraft:talked_to_villager":13,"minecraft:play_time":143175,"minecraft:deaths":1,"minecraft:sneak_time":633,"minecraft:walk_under_water_one_cm":22698,"minecraft:boat_one_cm":301412,"minecraft:interact_with_brewingstand":1,"minecraft:jump":3051,"minecraft:walk_on_water_one_cm":15279,"minecraft:total_world_time":143175,"minecraft:interact_with_furnace":25,"minecraft:sleep_in_bed":8,"minecraft:time_since_rest":0,"minecraft:waystone_activated":3,"minecraft:damage_taken":2070,"minecraft:damage_dealt":6898,"minecraft:swim_one_cm":71387,"minecraft:fly_one_cm":559527,"minecraft:open_chest":33,"minecraft:crouch_one_cm":891,"minecraft:fall_one_cm":91544,"minecraft:inspect_dispenser":2},"minecraft:killed":{"minecraft:spider":17,"minecraft:skeleton":2,"alexsmobs:leafcutter_ant":1,"minecraft:chicken":1,"minecraft:drowned":1,"minecraft:pig":10,"minecraft:salmon":8,"minecraft:sheep":10,"minecraft:zombie":2,"alexsmobs:terrapin":1,"alexsmobs:fly":1,"minecraft:cow":5},"minecraft:used":{"minecraft:stone_sword":103,"farmersdelight:diamond_knife":24,"minecraft:cooked_salmon":5,"minecraft:orange_bed":2,"minecraft:torch":11,"minecraft:dirt":42,"betterend:diamond_hammer":10,"villagersplus:oceanographer_table":1,"minecraft:lantern":2,"stalwart_dungeons:diamond_hammer":92,"minecraft:stone_bricks":4,"delightful:green_tea_leaf":2,"minecraft:furnace":8,"quark:blossom_planks":5,"minecraft:cooked_mutton":1,"minecraft:stone_pickaxe":69,"minecraft:wooden_pickaxe":17,"minecraft:crafting_table":5,"minecraft:white_bed":6,"quark:blossom_boat":2,"minecraft:apple":1,"minecraft:bread":16,"nethersdelight:diamond_machete":44,"minecraft:cobblestone":3,"minecraft:cooked_porkchop":14,"alexsmobs:animal_dictionary":1,"minecraft:oak_boat":1,"delightful:acorn":2},"minecraft:mined":{"minecraft:white_bed":5,"quark:yellow_blossom_leaves":5,"minecraft:mossy_cobblestone":7,"minecraft:cobblestone_stairs":3,"minecraft:brewing_stand":1,"minecraft:grass_block":16,"minecraft:spawner":3,"minecraft:hay_block":5,"minecraft:furnace":8,"minecraft:mossy_cobblestone_stairs":1,"minecraft:iron_ore":10,"minecraft:vine":2,"amendments:wall_lantern":1,"minecraft:lantern":1,"minecraft:stone":49,"minecraft:white_wool":3,"minecraft:orange_bed":2,"minecraft:tripwire":6,"biomesoplenty:jacaranda_leaves":1,"minecraft:crafting_table":2,"minecraft:torch":2,"minecraft:emerald_ore":2,"minecraft:polished_andesite_stairs":1,"minecraft:mushroom_stem":4,"minecraft:tall_grass":1,"minecraft:cobblestone":1,"biomesoplenty:sprout":6,"minecraft:grindstone":1,"minecraft:wall_torch":4,"minecraft:stone_brick_stairs":1,"minecraft:grass":6,"minecraft:coal_ore":30,"minecraft:oak_log":3,"minecraft:dirt":21,"minecraft:cobweb":38,"minecraft:cracked_stone_bricks":5,"minecraft:tripwire_hook":2,"minecraft:stone_bricks":19,"minecraft:polished_andesite":4,"minecraft:gold_ore":2,"minecraft:oak_leaves":7,"minecraft:suspicious_gravel":1,"villagersplus:oceanographer_table":1},"minecraft:dropped":{"minecraft:wheat_seeds":1,"minecraft:mossy_cobblestone":1,"minecraft:feather":5,"minecraft:cobblestone":8,"minecraft:leather":1,"minecraft:cracked_stone_bricks":3,"minecraft:polished_andesite":2,"minecraft:cobblestone_stairs":2,"minecraft:dirt":1,"delightful:acorn":1,"minecraft:mossy_cobblestone_stairs":1,"minecraft:string":1,"minecraft:tripwire_hook":2,"minecraft:stone_axe":1,"minecraft:rotten_flesh":3,"minecraft:oak_boat":1,"minecraft:stone_bricks":7,"minecraft:spider_eye":6,"minecraft:brain_coral":1,"minecraft:arrow":1,"minecraft:wooden_pickaxe":2,"minecraft:beef":1,"minecraft:stone_brick_stairs":1},"minecraft:crafted":{"minecraft:oak_planks":28,"minecraft:smooth_stone":2,"betterend:diamond_hammer":1,"nethersdelight:diamond_machete":1,"minecraft:furnace":1,"minecraft:stone":3,"stalwart_dungeons:diamond_hammer":1,"minecraft:cooked_mutton":1,"minecraft:stone_pickaxe":2,"minecraft:wheat":45,"quark:blossom_planks":12,"minecraft:cooked_porkchop":16,"minecraft:crafting_table":4,"minecraft:wooden_pickaxe":1,"minecraft:cooked_salmon":4,"quark:blossom_boat":1,"minecraft:bread":17,"minecraft:air":0,"minecraft:oak_boat":1,"minecraft:stick":24,"minecraft:iron_ingot":10,"minecraft:stone_sword":1,"minecraft:white_bed":2,"farmersdelight:diamond_knife":1,"minecraft:torch":12},"minecraft:killed_by":{"minecraft:skeleton":1}},"DataVersion":3465}