{"stats":{"minecraft:picked_up":{"minecraft:seagrass":1,"minecraft:crafting_table":2,"minecraft:chicken":1,"backpacked:backpack":1,"minecraft:lead":1,"minecraft:wooden_pickaxe":1,"biomesoplenty:jacaranda_sapling":1,"minecraft:stone_brick_stairs":1,"minecraft:brewing_stand":1,"spawnersplus:spawner_fragment":2,"illagerinvasion:unusual_dust":1,"minecraft:string":59,"minecraft:cooked_salmon":1,"minecraft:smooth_stone_slab":2,"minecraft:cracked_stone_bricks":8,"minecraft:smooth_stone":1,"delightful:acorn":3,"minecraft:beef":8,"minecraft:bubble_coral":1,"delightful:green_tea_leaf":3,"minecraft:furnace":11,"minecraft:tipped_arrow":3,"minecraft:raw_iron":18,"minecraft:torch":8,"minecraft:spruce_stairs":1,"minecraft:porkchop":19,"quark:blossom_log":3,"farmersdelight:tomato_seeds":5,"minecraft:diorite":6,"minecraft:orange_bed":5,"minecraft:rotten_flesh":3,"minecraft:hay_block":5,"minecraft:mutton":13,"minecraft:cobblestone":62,"minecraft:white_wool":13,"minecraft:feather":6,"minecraft:tripwire_hook":3,"minecraft:salmon":8,"delightful:animal_fat":8,"minecraft:leather":10,"minecraft:red_mushroom":3,"minecraft:oak_log":3,"minecraft:cobblestone_stairs":3,"minecraft:dirt":54,"minecraft:lantern":2,"minecraft:apple":1,"minecraft:stone_bricks":26,"minecraft:kelp":1,"minecraft:wheat_seeds":6,"minecraft:raw_gold":3,"minecraft:grindstone":1,"twigs:twig":4,"minecraft:brain_coral":2,"minecraft:book":2,"minecraft:cooked_porkchop":10,"minecraft:axolotl_bucket":1,"minecraft:blast_furnace":1,"minecraft:white_bed":6,"farmersdelight:ham":1,"minecraft:spider_eye":8,"villagersplus:oceanographer_table":1,"minecraft:mossy_cobblestone":1,"minecraft:polished_andesite":4,"minecraft:dispenser":1,"minecraft:stone_axe":1,"minecraft:emerald":3,"minecraft:mossy_cobblestone_stairs":1,"minecraft:oak_sapling":4,"minecraft:dark_oak_fence":1,"quark:blossom_boat":1,"minecraft:coal":119},"minecraft:custom":{"minecraft:mob_kills":61,"minecraft:interact_with_crafting_table":16,"minecraft:open_barrel":6,"minecraft:bell_ring":4,"minecraft:time_since_death":8728,"minecraft:climb_one_cm":4965,"minecraft:sprint_one_cm":394588,"minecraft:walk_one_cm":338101,"minecraft:drop":29,"minecraft:talked_to_villager":15,"minecraft:play_time":155175,"minecraft:deaths":2,"minecraft:sneak_time":731,"minecraft:walk_under_water_one_cm":25914,"minecraft:boat_one_cm":310473,"minecraft:interact_with_brewingstand":1,"minecraft:jump":3213,"minecraft:walk_on_water_one_cm":16869,"minecraft:total_world_time":155175,"minecraft:interact_with_furnace":25,"minecraft:sleep_in_bed":10,"minecraft:time_since_rest":8798,"minecraft:waystone_activated":3,"minecraft:damage_taken":2820,"minecraft:damage_dealt":7394,"twilightforest:life_charms_activated":1,"minecraft:swim_one_cm":93868,"minecraft:fly_one_cm":574851,"minecraft:open_chest":36,"minecraft:crouch_one_cm":911,"minecraft:fall_one_cm":93394,"minecraft:inspect_dispenser":2},"minecraft:killed":{"minecraft:spider":17,"minecraft:skeleton":2,"alexsmobs:leafcutter_ant":1,"minecraft:chicken":1,"minecraft:drowned":1,"minecraft:pig":10,"minecraft:salmon":8,"minecraft:sheep":10,"minecraft:zombie":2,"alexsmobs:terrapin":1,"whatareyouvotingfor:penguin":1,"alexsmobs:fly":1,"minecraft:cow":5},"minecraft:used":{"minecraft:stone_sword":103,"farmersdelight:diamond_knife":28,"minecraft:cooked_salmon":5,"minecraft:orange_bed":5,"minecraft:torch":15,"minecraft:dirt":43,"betterend:diamond_hammer":10,"villagersplus:oceanographer_table":1,"minecraft:lantern":2,"stalwart_dungeons:diamond_hammer":130,"minecraft:stone_bricks":4,"delightful:green_tea_leaf":2,"minecraft:furnace":8,"quark:blossom_planks":29,"minecraft:cooked_mutton":1,"minecraft:stone_pickaxe":69,"minecraft:wooden_pickaxe":17,"minecraft:crafting_table":5,"minecraft:white_bed":8,"quark:blossom_boat":2,"minecraft:apple":1,"minecraft:bread":17,"nethersdelight:diamond_machete":49,"minecraft:cobblestone":3,"minecraft:cooked_porkchop":18,"alexsmobs:animal_dictionary":1,"minecraft:oak_boat":1,"delightful:acorn":2},"minecraft:mined":{"minecraft:white_bed":6,"quark:yellow_blossom_leaves":5,"minecraft:mossy_cobblestone":7,"minecraft:dark_oak_leaves":5,"minecraft:cobblestone_stairs":3,"minecraft:brewing_stand":1,"minecraft:dark_oak_fence":1,"minecraft:grass_block":16,"minecraft:spawner":3,"minecraft:hay_block":5,"minecraft:furnace":11,"minecraft:mossy_cobblestone_stairs":1,"minecraft:iron_ore":18,"minecraft:vine":2,"amendments:wall_lantern":1,"minecraft:lantern":1,"illagerinvasion:magic_fire":1,"minecraft:stone":57,"minecraft:white_wool":3,"minecraft:orange_bed":5,"minecraft:tripwire":6,"biomesoplenty:jacaranda_leaves":1,"minecraft:crafting_table":2,"minecraft:torch":4,"minecraft:blast_furnace":1,"minecraft:emerald_ore":2,"minecraft:polished_andesite_stairs":1,"minecraft:mushroom_stem":4,"minecraft:tall_grass":1,"minecraft:cobblestone":1,"biomesoplenty:sprout":6,"minecraft:grindstone":1,"minecraft:diorite":6,"minecraft:wall_torch":4,"minecraft:spruce_stairs":1,"minecraft:smooth_stone_slab":2,"minecraft:stone_brick_stairs":1,"minecraft:grass":7,"minecraft:coal_ore":30,"minecraft:oak_log":3,"minecraft:dirt":21,"minecraft:cobweb":38,"minecraft:cracked_stone_bricks":8,"minecraft:tripwire_hook":2,"minecraft:stone_bricks":24,"minecraft:polished_andesite":4,"minecraft:gold_ore":2,"minecraft:fern":1,"minecraft:oak_leaves":7,"minecraft:suspicious_gravel":1,"villagersplus:oceanographer_table":1},"minecraft:dropped":{"minecraft:wheat_seeds":1,"minecraft:mossy_cobblestone":1,"minecraft:feather":5,"minecraft:cobblestone":8,"minecraft:leather":1,"minecraft:cracked_stone_bricks":3,"minecraft:polished_andesite":2,"minecraft:cobblestone_stairs":2,"minecraft:dirt":1,"delightful:acorn":1,"minecraft:mossy_cobblestone_stairs":1,"minecraft:string":1,"minecraft:tripwire_hook":2,"minecraft:stone_axe":1,"minecraft:rotten_flesh":3,"minecraft:oak_boat":1,"minecraft:stone_bricks":7,"minecraft:spider_eye":6,"minecraft:brain_coral":1,"minecraft:arrow":1,"minecraft:wooden_pickaxe":2,"minecraft:beef":1,"minecraft:stone_brick_stairs":1},"minecraft:crafted":{"minecraft:oak_planks":28,"minecraft:smooth_stone":2,"betterend:diamond_hammer":1,"nethersdelight:diamond_machete":1,"minecraft:furnace":1,"minecraft:stone":3,"stalwart_dungeons:diamond_hammer":1,"minecraft:cooked_mutton":1,"minecraft:stone_pickaxe":2,"minecraft:wheat":45,"quark:blossom_planks":12,"minecraft:cooked_porkchop":16,"minecraft:crafting_table":4,"minecraft:wooden_pickaxe":1,"minecraft:cooked_salmon":4,"quark:blossom_boat":1,"minecraft:bread":17,"minecraft:air":0,"minecraft:oak_boat":1,"minecraft:stick":24,"minecraft:iron_ingot":10,"minecraft:stone_sword":1,"minecraft:white_bed":2,"farmersdelight:diamond_knife":1,"minecraft:torch":12},"minecraft:killed_by":{"minecraft:vindicator":1,"minecraft:skeleton":1}},"DataVersion":3465}