{"stats":{"minecraft:picked_up":{"minecraft:crafting_table":2,"minecraft:torch":1,"minecraft:wooden_pickaxe":1,"quark:blossom_log":3,"minecraft:oak_log":3,"minecraft:dirt":33,"minecraft:apple":1,"delightful:acorn":3,"minecraft:oak_sapling":4,"twigs:twig":4,"delightful:green_tea_leaf":2,"minecraft:coal":30,"minecraft:cobblestone":36},"minecraft:custom":{"minecraft:time_since_rest":17175,"minecraft:sprint_one_cm":20481,"minecraft:damage_taken":110,"minecraft:walk_one_cm":34067,"minecraft:drop":3,"minecraft:damage_dealt":65,"minecraft:interact_with_crafting_table":3,"minecraft:swim_one_cm":13292,"minecraft:fly_one_cm":24764,"minecraft:crouch_one_cm":566,"minecraft:play_time":17175,"minecraft:sneak_time":208,"minecraft:walk_under_water_one_cm":2576,"minecraft:jump":246,"minecraft:time_since_death":17175,"minecraft:walk_on_water_one_cm":1250,"minecraft:total_world_time":17175,"minecraft:fall_one_cm":6150},"minecraft:used":{"minecraft:apple":1,"minecraft:stone_pickaxe":50,"minecraft:wooden_pickaxe":17,"minecraft:torch":1,"delightful:green_tea_leaf":2,"minecraft:dirt":7,"minecraft:crafting_table":2,"delightful:acorn":2},"minecraft:mined":{"quark:yellow_blossom_leaves":5,"minecraft:crafting_table":2,"minecraft:grass":2,"minecraft:coal_ore":30,"minecraft:grass_block":15,"minecraft:oak_log":3,"minecraft:dirt":18,"minecraft:stone":36,"minecraft:oak_leaves":7,"minecraft:wall_torch":1},"minecraft:dropped":{"delightful:acorn":1,"minecraft:wooden_pickaxe":2},"minecraft:crafted":{"minecraft:oak_planks":12,"quark:blossom_planks":12,"minecraft:crafting_table":1,"minecraft:stick":12,"minecraft:wooden_pickaxe":1,"minecraft:stone_pickaxe":2,"minecraft:stone_sword":1,"minecraft:torch":4}},"DataVersion":3465}