{"stats":{"minecraft:picked_up":{"minecraft:crafting_table":2,"minecraft:feather":6,"minecraft:chicken":1,"minecraft:tripwire_hook":1,"minecraft:salmon":8,"minecraft:leather":1,"minecraft:lead":1,"minecraft:wooden_pickaxe":1,"minecraft:red_mushroom":3,"biomesoplenty:jacaranda_sapling":1,"minecraft:oak_log":3,"minecraft:cobblestone_stairs":1,"minecraft:string":27,"minecraft:lantern":2,"minecraft:dirt":49,"minecraft:cooked_salmon":1,"minecraft:apple":1,"minecraft:stone_bricks":10,"minecraft:cracked_stone_bricks":2,"minecraft:wheat_seeds":3,"minecraft:smooth_stone":1,"delightful:acorn":3,"minecraft:beef":1,"minecraft:grindstone":1,"twigs:twig":4,"delightful:green_tea_leaf":2,"minecraft:furnace":5,"minecraft:tipped_arrow":3,"minecraft:torch":2,"quark:blossom_log":3,"minecraft:porkchop":16,"farmersdelight:tomato_seeds":5,"minecraft:white_bed":2,"minecraft:spider_eye":2,"minecraft:mossy_cobblestone":1,"minecraft:polished_andesite":2,"minecraft:dispenser":1,"minecraft:rotten_flesh":2,"minecraft:hay_block":5,"minecraft:oak_sapling":4,"minecraft:mutton":9,"minecraft:coal":88,"minecraft:white_wool":10,"minecraft:cobblestone":39},"minecraft:custom":{"minecraft:interact_with_furnace":18,"minecraft:mob_kills":36,"minecraft:interact_with_crafting_table":13,"minecraft:open_barrel":3,"minecraft:time_since_death":55759,"minecraft:sleep_in_bed":2,"minecraft:climb_one_cm":388,"minecraft:time_since_rest":13074,"minecraft:waystone_activated":1,"minecraft:sprint_one_cm":189906,"minecraft:damage_taken":1050,"minecraft:walk_one_cm":154363,"minecraft:drop":11,"minecraft:damage_dealt":3617,"minecraft:swim_one_cm":58098,"minecraft:fly_one_cm":262591,"minecraft:open_chest":19,"minecraft:crouch_one_cm":789,"minecraft:play_time":77175,"minecraft:deaths":1,"minecraft:sneak_time":470,"minecraft:walk_under_water_one_cm":18604,"minecraft:boat_one_cm":68065,"minecraft:jump":1578,"minecraft:walk_on_water_one_cm":11144,"minecraft:total_world_time":77175,"minecraft:inspect_dispenser":1,"minecraft:fall_one_cm":43083},"minecraft:killed":{"minecraft:pig":9,"minecraft:salmon":8,"minecraft:spider":6,"minecraft:sheep":7,"minecraft:zombie":1,"alexsmobs:terrapin":1,"minecraft:chicken":1,"alexsmobs:fly":1,"minecraft:drowned":1,"minecraft:cow":1},"minecraft:used":{"minecraft:cooked_mutton":1,"minecraft:stone_sword":103,"minecraft:stone_pickaxe":69,"minecraft:wooden_pickaxe":17,"minecraft:cooked_salmon":5,"minecraft:torch":2,"minecraft:dirt":39,"minecraft:crafting_table":4,"minecraft:white_bed":4,"minecraft:apple":1,"minecraft:lantern":2,"minecraft:bread":5,"stalwart_dungeons:diamond_hammer":11,"nethersdelight:diamond_machete":3,"delightful:green_tea_leaf":2,"minecraft:furnace":5,"minecraft:cooked_porkchop":5,"quark:blossom_planks":2,"minecraft:oak_boat":1,"alexsmobs:animal_dictionary":1,"delightful:acorn":2},"minecraft:mined":{"biomesoplenty:jacaranda_leaves":1,"minecraft:white_bed":2,"quark:yellow_blossom_leaves":5,"minecraft:cobblestone_stairs":1,"minecraft:crafting_table":2,"minecraft:grass_block":15,"minecraft:polished_andesite_stairs":1,"minecraft:mushroom_stem":4,"minecraft:tall_grass":1,"biomesoplenty:sprout":2,"minecraft:grindstone":1,"minecraft:wall_torch":2,"minecraft:spawner":1,"minecraft:hay_block":5,"minecraft:furnace":5,"minecraft:vine":1,"minecraft:grass":4,"minecraft:oak_log":3,"minecraft:coal_ore":30,"amendments:wall_lantern":1,"minecraft:lantern":1,"minecraft:dirt":18,"minecraft:cobweb":21,"minecraft:polished_andesite":2,"minecraft:cracked_stone_bricks":2,"minecraft:tripwire_hook":1,"minecraft:stone_bricks":9,"minecraft:stone":36,"minecraft:tripwire":3,"minecraft:white_wool":3,"minecraft:oak_leaves":7},"minecraft:dropped":{"minecraft:wheat_seeds":1,"minecraft:mossy_cobblestone":1,"minecraft:feather":5,"minecraft:rotten_flesh":2,"minecraft:leather":1,"delightful:acorn":1,"minecraft:beef":1,"minecraft:wooden_pickaxe":2,"minecraft:string":1},"minecraft:crafted":{"minecraft:smooth_stone":2,"minecraft:oak_planks":28,"quark:blossom_planks":12,"minecraft:cooked_porkchop":16,"minecraft:crafting_table":3,"nethersdelight:diamond_machete":1,"minecraft:wooden_pickaxe":1,"minecraft:furnace":1,"minecraft:cooked_salmon":4,"minecraft:stone":3,"stalwart_dungeons:diamond_hammer":1,"minecraft:bread":17,"minecraft:cooked_mutton":1,"minecraft:air":0,"minecraft:oak_boat":1,"minecraft:stick":20,"minecraft:stone_pickaxe":2,"minecraft:stone_sword":1,"minecraft:white_bed":2,"minecraft:torch":4,"minecraft:wheat":45},"minecraft:killed_by":{"minecraft:skeleton":1}},"DataVersion":3465}