{"stats":{"minecraft:picked_up":{"minecraft:crafting_table":2,"minecraft:salmon":8,"minecraft:torch":2,"minecraft:wooden_pickaxe":1,"quark:blossom_log":3,"minecraft:oak_log":3,"minecraft:cooked_salmon":1,"minecraft:dirt":33,"minecraft:rotten_flesh":1,"minecraft:apple":1,"minecraft:wheat_seeds":1,"delightful:acorn":3,"minecraft:mutton":1,"minecraft:oak_sapling":4,"twigs:twig":4,"delightful:green_tea_leaf":2,"minecraft:coal":57,"minecraft:white_wool":1,"minecraft:cobblestone":36,"minecraft:furnace":2},"minecraft:custom":{"minecraft:time_since_rest":7822,"minecraft:waystone_activated":1,"minecraft:interact_with_furnace":11,"minecraft:sprint_one_cm":50798,"minecraft:damage_taken":510,"minecraft:walk_one_cm":59537,"minecraft:mob_kills":12,"minecraft:drop":3,"minecraft:damage_dealt":879,"minecraft:interact_with_crafting_table":5,"minecraft:swim_one_cm":37753,"minecraft:fly_one_cm":76381,"minecraft:deaths":1,"minecraft:crouch_one_cm":571,"minecraft:play_time":29175,"minecraft:sneak_time":275,"minecraft:walk_under_water_one_cm":16044,"minecraft:jump":629,"minecraft:time_since_death":7759,"minecraft:walk_on_water_one_cm":7451,"minecraft:total_world_time":29175,"minecraft:fall_one_cm":14965},"minecraft:used":{"minecraft:stone_sword":20,"minecraft:apple":1,"minecraft:stone_pickaxe":52,"minecraft:wooden_pickaxe":17,"minecraft:cooked_salmon":4,"minecraft:torch":2,"delightful:green_tea_leaf":2,"minecraft:dirt":7,"minecraft:crafting_table":3,"minecraft:furnace":2,"quark:blossom_planks":2,"delightful:acorn":2},"minecraft:killed":{"minecraft:sheep":1,"alexsmobs:terrapin":1,"alexsmobs:fly":1,"minecraft:salmon":8,"minecraft:drowned":1},"minecraft:mined":{"minecraft:furnace":2,"quark:yellow_blossom_leaves":5,"minecraft:crafting_table":2,"minecraft:grass":2,"minecraft:coal_ore":30,"minecraft:grass_block":15,"minecraft:oak_log":3,"minecraft:dirt":18,"minecraft:tall_grass":1,"minecraft:stone":36,"minecraft:oak_leaves":7,"minecraft:wall_torch":2},"minecraft:dropped":{"delightful:acorn":1,"minecraft:wooden_pickaxe":2},"minecraft:crafted":{"minecraft:oak_planks":12,"quark:blossom_planks":12,"minecraft:crafting_table":1,"minecraft:stick":12,"minecraft:wooden_pickaxe":1,"minecraft:stone_pickaxe":2,"minecraft:stone_sword":1,"minecraft:cooked_salmon":4,"minecraft:furnace":1,"minecraft:torch":4,"minecraft:cooked_mutton":1,"minecraft:air":0},"minecraft:killed_by":{"minecraft:skeleton":1}},"DataVersion":3465}