{"stats":{"minecraft:picked_up":{"minecraft:apple":1,"delightful:acorn":3,"minecraft:oak_log":3,"minecraft:oak_sapling":4,"twigs:twig":3,"delightful:green_tea_leaf":1,"minecraft:dirt":32,"minecraft:cobblestone":17},"minecraft:custom":{"minecraft:time_since_rest":5175,"minecraft:play_time":5175,"minecraft:sprint_one_cm":3224,"minecraft:damage_taken":40,"minecraft:walk_one_cm":9292,"minecraft:jump":52,"minecraft:damage_dealt":25,"minecraft:time_since_death":5175,"minecraft:total_world_time":5175,"minecraft:interact_with_crafting_table":3,"minecraft:fall_one_cm":627,"minecraft:fly_one_cm":2834},"minecraft:used":{"minecraft:dirt":7,"minecraft:crafting_table":1,"minecraft:wooden_pickaxe":17},"minecraft:mined":{"minecraft:grass":1,"minecraft:grass_block":14,"minecraft:oak_log":3,"minecraft:dirt":18,"minecraft:stone":17,"minecraft:oak_leaves":7},"minecraft:crafted":{"minecraft:stone_sword":1,"minecraft:oak_planks":12,"minecraft:crafting_table":1,"minecraft:stick":6,"minecraft:stone_pickaxe":1,"minecraft:wooden_pickaxe":1}},"DataVersion":3465}