{"stats":{"minecraft:picked_up":{"hexerei:animal_fat":1,"minecraft:beef":7,"paraglider:spirit_orb":1,"minecraft:leather":6,"minecraft:dirt":1},"minecraft:used":{"epicfight:uchigatana":12},"minecraft:mined":{"minecraft:grass_block":1,"minecraft:oak_leaves":2},"minecraft:killed":{"minecraft:cow":4},"minecraft:custom":{"minecraft:jump":20,"minecraft:time_since_rest":1264,"minecraft:damage_dealt":540,"minecraft:leave_game":1,"minecraft:sprint_one_cm":3350,"minecraft:play_time":1264,"minecraft:walk_on_water_one_cm":232,"minecraft:time_since_death":1264,"minecraft:walk_one_cm":9687,"minecraft:total_world_time":1264,"minecraft:mob_kills":4,"minecraft:damage_dealt_absorbed":42,"minecraft:fly_one_cm":55}},"DataVersion":2975}