{"stats":{"minecraft:picked_up":{"minecraft:crafting_table":2,"minecraft:feather":1,"minecraft:chicken":1,"minecraft:salmon":8,"minecraft:lead":1,"minecraft:wooden_pickaxe":1,"minecraft:red_mushroom":3,"biomesoplenty:jacaranda_sapling":1,"minecraft:oak_log":3,"minecraft:lantern":2,"minecraft:dirt":49,"minecraft:cooked_salmon":1,"minecraft:apple":1,"minecraft:wheat_seeds":3,"delightful:acorn":3,"minecraft:grindstone":1,"twigs:twig":4,"delightful:green_tea_leaf":2,"minecraft:furnace":3,"minecraft:torch":2,"quark:blossom_log":3,"minecraft:porkchop":16,"farmersdelight:tomato_seeds":5,"minecraft:white_bed":2,"minecraft:rotten_flesh":2,"minecraft:hay_block":5,"minecraft:oak_sapling":4,"minecraft:mutton":9,"minecraft:coal":57,"minecraft:white_wool":10,"minecraft:cobblestone":36},"minecraft:custom":{"minecraft:interact_with_furnace":14,"minecraft:mob_kills":29,"minecraft:interact_with_crafting_table":9,"minecraft:open_barrel":3,"minecraft:time_since_death":43759,"minecraft:sleep_in_bed":2,"minecraft:climb_one_cm":388,"minecraft:time_since_rest":1074,"minecraft:waystone_activated":1,"minecraft:sprint_one_cm":165424,"minecraft:damage_taken":670,"minecraft:walk_one_cm":122014,"minecraft:drop":5,"minecraft:damage_dealt":2498,"minecraft:swim_one_cm":58098,"minecraft:fly_one_cm":212799,"minecraft:open_chest":9,"minecraft:crouch_one_cm":732,"minecraft:play_time":65175,"minecraft:deaths":1,"minecraft:sneak_time":441,"minecraft:walk_under_water_one_cm":18604,"minecraft:boat_one_cm":68065,"minecraft:jump":1334,"minecraft:walk_on_water_one_cm":10761,"minecraft:total_world_time":65175,"minecraft:fall_one_cm":36109},"minecraft:killed":{"minecraft:pig":9,"minecraft:salmon":8,"minecraft:sheep":7,"minecraft:zombie":1,"alexsmobs:terrapin":1,"minecraft:chicken":1,"alexsmobs:fly":1,"minecraft:drowned":1},"minecraft:used":{"minecraft:cooked_mutton":1,"minecraft:stone_sword":59,"minecraft:stone_pickaxe":56,"minecraft:wooden_pickaxe":17,"minecraft:cooked_salmon":5,"minecraft:torch":2,"minecraft:dirt":39,"minecraft:crafting_table":4,"minecraft:white_bed":2,"minecraft:apple":1,"minecraft:lantern":1,"minecraft:bread":2,"delightful:green_tea_leaf":2,"minecraft:furnace":3,"minecraft:cooked_porkchop":2,"quark:blossom_planks":2,"minecraft:oak_boat":1,"alexsmobs:animal_dictionary":1,"delightful:acorn":2},"minecraft:mined":{"biomesoplenty:jacaranda_leaves":1,"minecraft:white_bed":2,"quark:yellow_blossom_leaves":5,"minecraft:crafting_table":2,"minecraft:grass_block":15,"minecraft:mushroom_stem":4,"minecraft:tall_grass":1,"minecraft:grindstone":1,"minecraft:wall_torch":2,"minecraft:hay_block":5,"minecraft:furnace":3,"minecraft:grass":4,"minecraft:oak_log":3,"minecraft:coal_ore":30,"amendments:wall_lantern":1,"minecraft:lantern":1,"minecraft:dirt":18,"minecraft:stone":36,"minecraft:white_wool":3,"minecraft:oak_leaves":7},"minecraft:dropped":{"minecraft:wheat_seeds":1,"minecraft:rotten_flesh":1,"delightful:acorn":1,"minecraft:wooden_pickaxe":2},"minecraft:crafted":{"minecraft:oak_planks":28,"quark:blossom_planks":12,"minecraft:cooked_porkchop":16,"minecraft:crafting_table":2,"minecraft:wooden_pickaxe":1,"minecraft:furnace":1,"minecraft:cooked_salmon":4,"minecraft:bread":17,"minecraft:cooked_mutton":1,"minecraft:air":0,"minecraft:oak_boat":1,"minecraft:stick":12,"minecraft:stone_pickaxe":2,"minecraft:stone_sword":1,"minecraft:white_bed":1,"minecraft:torch":4,"minecraft:wheat":45},"minecraft:killed_by":{"minecraft:skeleton":1}},"DataVersion":3465}