{"stats":{"minecraft:picked_up":{"minecraft:crafting_table":2,"minecraft:feather":6,"delightful:animal_fat":1,"minecraft:chicken":1,"minecraft:tripwire_hook":2,"minecraft:salmon":8,"minecraft:leather":1,"minecraft:lead":1,"minecraft:wooden_pickaxe":1,"minecraft:red_mushroom":3,"biomesoplenty:jacaranda_sapling":1,"minecraft:stone_brick_stairs":1,"minecraft:oak_log":3,"spawnersplus:spawner_fragment":1,"minecraft:cobblestone_stairs":2,"minecraft:string":43,"minecraft:lantern":2,"minecraft:dirt":50,"minecraft:cooked_salmon":1,"minecraft:apple":1,"minecraft:stone_bricks":17,"minecraft:cracked_stone_bricks":5,"minecraft:wheat_seeds":3,"minecraft:smooth_stone":1,"delightful:acorn":3,"minecraft:beef":1,"minecraft:grindstone":1,"twigs:twig":4,"delightful:green_tea_leaf":2,"minecraft:furnace":5,"minecraft:tipped_arrow":3,"minecraft:torch":2,"quark:blossom_log":3,"minecraft:porkchop":19,"farmersdelight:tomato_seeds":5,"minecraft:white_bed":4,"farmersdelight:ham":1,"minecraft:spider_eye":5,"minecraft:mossy_cobblestone":1,"minecraft:polished_andesite":3,"minecraft:dispenser":1,"minecraft:rotten_flesh":2,"minecraft:hay_block":5,"minecraft:mossy_cobblestone_stairs":1,"minecraft:oak_sapling":4,"minecraft:mutton":9,"minecraft:coal":88,"minecraft:white_wool":10,"minecraft:cobblestone":50},"minecraft:custom":{"minecraft:interact_with_furnace":18,"minecraft:mob_kills":42,"minecraft:interact_with_crafting_table":15,"minecraft:open_barrel":3,"minecraft:time_since_death":67759,"minecraft:sleep_in_bed":3,"minecraft:climb_one_cm":1344,"minecraft:time_since_rest":11807,"minecraft:waystone_activated":1,"minecraft:sprint_one_cm":231037,"minecraft:damage_taken":1300,"minecraft:walk_one_cm":186317,"minecraft:drop":21,"minecraft:damage_dealt":4519,"minecraft:swim_one_cm":58098,"minecraft:fly_one_cm":322364,"minecraft:open_chest":23,"minecraft:crouch_one_cm":829,"minecraft:play_time":89175,"minecraft:deaths":1,"minecraft:sneak_time":583,"minecraft:walk_under_water_one_cm":18604,"minecraft:boat_one_cm":68065,"minecraft:jump":1844,"minecraft:walk_on_water_one_cm":11144,"minecraft:total_world_time":89175,"minecraft:inspect_dispenser":2,"minecraft:fall_one_cm":54092},"minecraft:killed":{"minecraft:pig":10,"minecraft:salmon":8,"minecraft:spider":10,"minecraft:sheep":7,"minecraft:zombie":1,"alexsmobs:terrapin":1,"alexsmobs:leafcutter_ant":1,"minecraft:chicken":1,"alexsmobs:fly":1,"minecraft:drowned":1,"minecraft:cow":1},"minecraft:used":{"minecraft:cooked_mutton":1,"minecraft:stone_sword":103,"farmersdelight:diamond_knife":4,"minecraft:stone_pickaxe":69,"minecraft:wooden_pickaxe":17,"minecraft:cooked_salmon":5,"minecraft:torch":4,"betterend:diamond_hammer":10,"minecraft:dirt":39,"minecraft:crafting_table":5,"minecraft:white_bed":5,"minecraft:apple":1,"minecraft:lantern":2,"minecraft:bread":6,"stalwart_dungeons:diamond_hammer":39,"nethersdelight:diamond_machete":29,"delightful:green_tea_leaf":2,"minecraft:cobblestone":3,"minecraft:furnace":5,"minecraft:cooked_porkchop":8,"quark:blossom_planks":2,"minecraft:oak_boat":1,"alexsmobs:animal_dictionary":1,"delightful:acorn":2},"minecraft:mined":{"biomesoplenty:jacaranda_leaves":1,"minecraft:white_bed":4,"quark:yellow_blossom_leaves":5,"minecraft:mossy_cobblestone":7,"minecraft:cobblestone_stairs":2,"minecraft:crafting_table":2,"minecraft:grass_block":15,"minecraft:polished_andesite_stairs":1,"minecraft:mushroom_stem":4,"minecraft:tall_grass":1,"minecraft:cobblestone":1,"biomesoplenty:sprout":6,"minecraft:grindstone":1,"minecraft:wall_torch":2,"minecraft:spawner":2,"minecraft:hay_block":5,"minecraft:furnace":5,"minecraft:mossy_cobblestone_stairs":1,"minecraft:stone_brick_stairs":1,"minecraft:vine":1,"minecraft:grass":4,"minecraft:oak_log":3,"minecraft:coal_ore":30,"amendments:wall_lantern":1,"minecraft:lantern":1,"minecraft:dirt":19,"minecraft:cobweb":28,"minecraft:polished_andesite":3,"minecraft:cracked_stone_bricks":5,"minecraft:tripwire_hook":2,"minecraft:stone_bricks":15,"minecraft:stone":45,"minecraft:tripwire":6,"minecraft:white_wool":3,"minecraft:oak_leaves":7},"minecraft:dropped":{"minecraft:wheat_seeds":1,"minecraft:mossy_cobblestone":1,"minecraft:cobblestone":8,"minecraft:feather":5,"minecraft:rotten_flesh":2,"minecraft:leather":1,"minecraft:cracked_stone_bricks":3,"minecraft:polished_andesite":1,"minecraft:cobblestone_stairs":1,"minecraft:dirt":1,"minecraft:oak_boat":1,"minecraft:stone_bricks":7,"delightful:acorn":1,"minecraft:tripwire_hook":1,"minecraft:beef":1,"minecraft:wooden_pickaxe":2,"minecraft:mossy_cobblestone_stairs":1,"minecraft:stone_brick_stairs":1,"minecraft:string":1},"minecraft:crafted":{"minecraft:smooth_stone":2,"minecraft:oak_planks":28,"quark:blossom_planks":12,"betterend:diamond_hammer":1,"minecraft:cooked_porkchop":16,"minecraft:crafting_table":4,"nethersdelight:diamond_machete":1,"minecraft:wooden_pickaxe":1,"minecraft:furnace":1,"minecraft:cooked_salmon":4,"minecraft:stone":3,"stalwart_dungeons:diamond_hammer":1,"minecraft:bread":17,"minecraft:cooked_mutton":1,"minecraft:air":0,"minecraft:oak_boat":1,"minecraft:stick":24,"minecraft:stone_pickaxe":2,"minecraft:stone_sword":1,"minecraft:white_bed":2,"farmersdelight:diamond_knife":1,"minecraft:torch":12,"minecraft:wheat":45},"minecraft:killed_by":{"minecraft:skeleton":1}},"DataVersion":3465}